{
  "processors": [
    {
      "rules": [
        {
          "position_predicate": {
            "predicate_type": "minecraft:always_true"
          },
          "output_state": {
            "Properties": {
              "axis": "y"
            },
            "Name": "minecraft:netherrack"
          },
          "input_predicate": {
            "block": "minecraft:cobbled_deepslate_wall",
            "predicate_type": "minecraft:block_match"
          },
          "location_predicate": {
            "block": "minecraft:lava",
            "predicate_type": "minecraft:block_match"
          }
        },
        {
          "position_predicate": {
            "predicate_type": "minecraft:always_true"
          },
          "output_state": {
            "Properties": {
              "axis": "y"
            },
            "Name": "minecraft:netherrack"
          },
          "input_predicate": {
            "block": "minecraft:cobbled_deepslate_wall",
            "predicate_type": "minecraft:block_match"
          },
          "location_predicate": {
            "block": "minecraft:netherrack",
            "predicate_type": "minecraft:block_match"
          }
        },
        {
          "position_predicate": {
            "predicate_type": "minecraft:always_true"
          },
          "output_state": {
            "Properties": {
              "axis": "y"
            },
            "Name": "minecraft:netherrack"
          },
          "input_predicate": {
            "block": "minecraft:cobbled_deepslate_wall",
            "predicate_type": "minecraft:block_match"
          },
          "location_predicate": {
            "block": "minecraft:soul_soil",
            "predicate_type": "minecraft:block_match"
          }
        },
        {
          "position_predicate": {
            "predicate_type": "minecraft:always_true"
          },
          "output_state": {
            "Properties": {
              "axis": "y"
            },
            "Name": "minecraft:netherrack"
          },
          "input_predicate": {
            "block": "minecraft:cobbled_deepslate_wall",
            "predicate_type": "minecraft:block_match"
          },
          "location_predicate": {
            "block": "minecraft:magma_block",
            "predicate_type": "minecraft:block_match"
          }
        },
        {
          "position_predicate": {
            "predicate_type": "minecraft:always_true"
          },
          "output_state": {
            "Properties": {
              "axis": "y"
            },
            "Name": "minecraft:netherrack"
          },
          "input_predicate": {
            "block": "minecraft:cobbled_deepslate_wall",
            "predicate_type": "minecraft:block_match"
          },
          "location_predicate": {
            "block": "minecraft:nether_wart_block",
            "predicate_type": "minecraft:block_match"
          }
        },
        {
          "position_predicate": {
            "predicate_type": "minecraft:always_true"
          },
          "output_state": {
            "Properties": {
              "axis": "y"
            },
            "Name": "minecraft:netherrack"
          },
          "input_predicate": {
            "block": "minecraft:cobbled_deepslate_wall",
            "predicate_type": "minecraft:block_match"
          },
          "location_predicate": {
            "block": "minecraft:soul_sand",
            "predicate_type": "minecraft:block_match"
          }
        },
        {
          "position_predicate": {
            "predicate_type": "minecraft:always_true"
          },
          "output_state": {
            "Properties": {
              "axis": "y"
            },
            "Name": "minecraft:netherrack"
          },
          "input_predicate": {
            "block": "minecraft:cobbled_deepslate_wall",
            "predicate_type": "minecraft:block_match"
          },
          "location_predicate": {
            "block": "minecraft:lava",
            "predicate_type": "minecraft:block_match"
          }
        }
      ],
      "processor_type": "minecraft:rule"
    }
  ]
}
