{
  "feature": "minecraft:weeping_vines",
  "placement": [
    {
      "type": "minecraft:count",
      "count": 10
    },
    {
      "type": "minecraft:count",
      "count": 20
    },
    {
      "type": "minecraft:in_square"
    },
    {
      "type": "minecraft:height_range",
      "height": {
        "type": "minecraft:uniform",
        "min_inclusive": {
          "above_bottom": 0
        },
        "max_inclusive": {
          "below_top": 30
        }
      }
    },
    {
      "type": "minecraft:block_predicate_filter",
      "predicate": {
        "type": "minecraft:matching_blocks",
        "offset": [
          0,
          1,
          0
        ],
        "blocks": [
          "minecraft:netherrack"
        ]
      }
    },
    {
      "type": "minecraft:biome"
    }
  ]
}
