{
  "type": "minecraft:nether_forest_vegetation",
  "config": {
    "spread_height": 8,
    "spread_width": 16,
    "state_provider": {
      "type": "minecraft:weighted_state_provider",
      "entries": [
        {
          "data": {
            "Name": "minecraft:nether_sprouts"
          },
          "weight": 40
        },
        {
          "data": {
            "Name": "minecraft:twisting_vines"
          },
          "weight": 25
        },
		{
          "data": {
            "Name": "minecraft:warped_roots"
          },
          "weight": 25
        }
      ]
    }
  }
}