{
  "type": "minecraft:the_nether",
  "generator": {
    "type": "minecraft:noise",
    "settings": "minecraft:nether",
    "biome_source": {
      "type": "minecraft:multi_noise",
      "biomes": [
        {
          "biome": "minecraft:nether_wastes",
          "parameters": {
            "temperature": 0,
            "humidity": 0,
            "continentalness": 0,
            "erosion": 0,
            "weirdness": 0,
            "depth": 0,
            "offset": 0
          }
        },
		{
          "biome": "minecraft:copper_valley",
          "parameters": {
            "erosion": 0,
            "depth": 0,
            "weirdness": 0,
            "offset": 0,
            "temperature": 0,
            "humidity": -0.5,
            "continentalness": 0
          
          }
        },
        {
          "biome": "minecraft:soul_soil_valley",
          "parameters": {
            "erosion": 0,
            "depth": 0,
            "weirdness": 0,
            "offset": 0,
            "temperature": 0,
            "humidity": -0.4,
            "continentalness": 0
          }
        },
		{
		  "biome": "minecraft:sandy_wasteland",
          "parameters": {
            "erosion": 0,
            "depth": 0,
            "weirdness": 0,
            "offset": 0,
            "temperature": 0.3,
            "humidity": 0.5,
            "continentalness": 0
		  }
        },
		{ "biome": "minecraft:stony_desert", 
          "parameters": {
            "erosion": 0,
            "depth": 0,
            "weirdness": 0,
            "offset": 0,
            "temperature": 0.3,
            "humidity": 0.4,
            "continentalness": 0
          }          
        },
		
		{
          "biome": "minecraft:nether_hills",
          "parameters": {
            "temperature": 0.5,
            "humidity": -0.5,
            "continentalness": 0,
            "erosion": 0,
            "weirdness": 0,
            "depth":  0,
            "offset": 0
          }
        },
		 {
          "biome": "minecraft:red_sand_valley",
          "parameters": {
            "erosion": 0,
            "depth": 0,
            "weirdness": 0,
            "offset": 0,
            "temperature": 0.4,
            "humidity": -0.5,
            "continentalness": 0
          }
        },
		{
          "biome": "minecraft:crimson_forest",
          "parameters": {
            "temperature": 0.4,
            "humidity": 0,
            "continentalness": 0,
            "erosion": 0,
            "weirdness": 0,
            "depth": 0,
            "offset": 0
          }
        },
		{
		  "biome": "minecraft:andesite_area",
          "parameters": {
            "erosion": 0,
            "depth": 0,
            "weirdness": 0,
            "offset": 0,
            "temperature": 0.4,
            "humidity": 0.2,
            "continentalness": 0
		  }
        },
		{
          "biome": "minecraft:warped_forest",	  
          "parameters": {
            "erosion": 0,
            "depth": 0,
            "weirdness": 0,
            "offset": 0.375,
            "temperature": 0,
            "humidity": 0.5,
            "continentalness": 0
          }
        },
		{
          "biome": "minecraft:terra_area",
		  "parameters": {
            "erosion": 0,
            "depth": 0,
            "weirdness": 0,
            "offset": 0,
            "temperature": 0,
            "humidity": -0.25,
            "continentalness": 0
         }          
        },
	    {
          "biome": "minecraft:basalt_deltas",
          "parameters": {
            "temperature": -0.5,
            "humidity": 0,
            "continentalness": 0,
            "erosion": 0,
            "weirdness": 0,
            "depth": 0,
            "offset": 0.175
          }
        },
		{
          "biome": "minecraft:glass_deltas",
          "parameters": {
            "temperature": -0.6,
            "humidity": 0,
            "continentalness": 0,
            "erosion": 0,
            "weirdness": 0,
            "depth": 0,
            "offset": 0.155
		  }
        },
		  {
          "biome": "minecraft:window_stones",
          "parameters": {
            "temperature": -0.3,
            "humidity": 0.5,
            "continentalness": 0,
            "erosion": 0,
            "weirdness": 0,
            "depth": 0,
            "offset": 0.120
          }
        }
       
      ]
    }
  }	
}

