{
  "name": "norzeteus:nether_bones/bones",
  "fallback": "minecraft:empty",
  "elements": [
    {
      "weight": 4,
      "element": {
        "location": "norzeteus:nether_bones/bone_1",
        "processors": "minecraft:empty",
        "projection": "rigid",
        "element_type": "minecraft:single_pool_element"
      }
    },
    {
      "weight": 4,
      "element": {
        "location": "norzeteus:nether_bones/bone_2",
        "processors": "minecraft:empty",
        "projection": "rigid",
        "element_type": "minecraft:single_pool_element"
      }
    },
		{
      "weight": 4,
      "element": {
        "location": "norzeteus:nether_bones/bone_3",
        "processors": "minecraft:empty",
        "projection": "rigid",
        "element_type": "minecraft:single_pool_element"
      }
    },
	{
      "weight": 4,
      "element": {
        "location": "norzeteus:nether_bones/bone_4",
        "processors": "minecraft:empty",
        "projection": "rigid",
        "element_type": "minecraft:single_pool_element"
      }
    },
	{
      "weight": 4,
      "element": {
        "location": "norzeteus:nether_bones/bone_5",
        "processors": "minecraft:empty",
        "projection": "rigid",
        "element_type": "minecraft:single_pool_element"
      }
    },
	{
      "weight": 4,
      "element": {
        "location": "norzeteus:nether_bones/bone_6",
        "processors": "minecraft:empty",
        "projection": "rigid",
        "element_type": "minecraft:single_pool_element"
      }
    },
	{
      "weight": 4,
      "element": {
        "location": "norzeteus:nether_bones/bone_7",
        "processors": "minecraft:empty",
        "projection": "rigid",
        "element_type": "minecraft:single_pool_element"
      }
    },
	{
      "weight": 4,
      "element": {
        "location": "norzeteus:nether_bones/bone_8",
        "processors": "minecraft:empty",
        "projection": "rigid",
        "element_type": "minecraft:single_pool_element"
      }
    },
	{
      "weight": 4,
      "element": {
        "location": "norzeteus:nether_bones/bone_9",
        "processors": "minecraft:empty",
        "projection": "rigid",
        "element_type": "minecraft:single_pool_element"
      }
    },
	{
      "weight": 4,
      "element": {
        "location": "norzeteus:nether_bones/bone_10",
        "processors": "minecraft:empty",
        "projection": "rigid",
        "element_type": "minecraft:single_pool_element"
      }
    },
	{
      "weight": 4,
      "element": {
        "location": "norzeteus:nether_bones/bone_11",
        "processors": "minecraft:empty",
        "projection": "rigid",
        "element_type": "minecraft:single_pool_element"
      }
    },
    {
      "weight": 4,
      "element": {
        "location": "norzeteus:nether_bones/bone_12",
        "processors": "minecraft:empty",
        "projection": "rigid",
        "element_type": "minecraft:single_pool_element"
      }
    },
    {
      "weight": 4,
      "element": {
        "location": "norzeteus:nether_bones/bone_13",
        "processors": "minecraft:empty",
        "projection": "rigid",
        "element_type": "minecraft:single_pool_element"
      }
    },
    {
      "weight": 4,
      "element": {
        "location": "norzeteus:nether_bones/bone_14",
        "processors": "minecraft:empty",
        "projection": "rigid",
        "element_type": "minecraft:single_pool_element"
      }
    },
    {
      "weight": 5,
      "element": {
        "element_type": "minecraft:empty_pool_element"
      }
    }
  ]
}
