{
  "type": "minecraft:ore",
  "config": {
    "discard_chance_on_air_exposure": 0.0,
    "size": 50,
    "targets": [
      {
        "state": {
          "Name": "minecraft:quartz_bricks"
        },
        "target": {
          "block": "minecraft:netherrack",
          "predicate_type": "minecraft:block_match"
        },
		"target": {
          "block": "minecraft:soul_sand",
          "predicate_type": "minecraft:block_match"
        },
		"target": {
          "block": "minecraft:soul_soil",
          "predicate_type": "minecraft:block_match"
        }
      }
    ]
  }
}