{
	"type": "minecraft:tree",
  "config": {
    "decorators": [ ],
    "ignore_vines": false,
    "force_dirt": true,
    "dirt_provider": {
      "state": {
        "Name": "minecraft:netherrack"
      },
      "type": "minecraft:simple_state_provider"
    },
    "minimum_size": {
      "limit": 1,
      "lower_size": 0,
	  "middle_size": 1,
      "upper_size": 2,
      "type": "minecraft:three_layers_feature_size"
    },
    "trunk_provider": {
      "state": {
        "Properties": {
          "axis": "y"
        },
        "Name": "minecraft:waxed_cut_copper"
      },
      "type": "minecraft:simple_state_provider"
    },
    "trunk_placer": {
      "base_height": 6,
      "height_rand_a": 2,
      "height_rand_b": 2,
      "type": "minecraft:forking_trunk_placer"
    },
    "foliage_provider": {
      "state": {
        "Properties": {
          "persistent": "false",
          "distance": "7"
        },
        "Name": "minecraft:prismarine_brick_slab"
      },
      "type": "minecraft:simple_state_provider"
    },
    "foliage_placer": {
      "radius": 2,
      "offset": 0,
      "type": "minecraft:acacia_foliage_placer"
    }
      
  }
}