{
	"type": "minecraft:tree",
  "config": {
    "decorators": [ ],
    "ignore_vines": true,
    "force_dirt": true,
    "dirt_provider": {
      "state": {
        "Name": "minecraft:netherrack"
      },
      "type": "minecraft:simple_state_provider"
    },
    "minimum_size": {
      "limit": 1,
      "lower_size": 0,
      "upper_size": 2,
      "type": "minecraft:two_layers_feature_size"
    },
    "trunk_provider": {
      "state": {
        "Properties": {
          "axis": "y"
        },
        "Name": "minecraft:quartz_pillar"
      },
      "type": "minecraft:simple_state_provider"
    },
    "trunk_placer": {
      "base_height": 6,
      "height_rand_a": 2,
      "height_rand_b": 2,
      "type": "minecraft:forking_trunk_placer"
    },
     "foliage_provider": {
      "type": "minecraft:weighted_state_provider",
      "entries": [
        {
          "weight": 0,
          "data": {
            "Name": "minecraft:air"
          }
        },
        {
          "weight": 10,
          "data": {
            "Name": "minecraft:dark_prismarine",
            "Properties": {
              "distance": "7",
              "persistent": "false"
            }
          }
        },
		{
          "weight": 5,
          "data": {
            "Name": "minecraft:dark_prismarine_slab",
            "Properties": {
              "distance": "4",
              "persistent": "false"
            }
          }
        },
		{
          "weight": 1,
          "data": {
            "Name": "minecraft:verdant_froglight"
          }
        },
		{
          "weight": 7,
          "data": {
            "Name": "minecraft:spore_blossom"
			
          }
        }
      ]
   },
    "foliage_placer": {
      "radius": 2,
      "offset": 0,
      "type": "minecraft:acacia_foliage_placer"
    }
      
  }
}