{
	"display": {
		"icon": {
			"item": "minecraft:diamond_pickaxe"
		},
		"title": "Mineshafter",
		"description": "Discover all the types of mineshafts",
		"frame": "challenge",
		"show_toast": true,
		"announce_to_chat": true,
		"hidden": false
	},
	"parent": "hopo:minecraft/adventure/locate_mineshaft",
	"criteria": {
		"locate_deepslate_mineshaft": {
			"trigger": "minecraft:location",
			"conditions": {
				"player": {
					"location": {
						"structure": "hopo:deepslate_mineshaft"
					}
				}
			}
		},
		"locate_stone_mineshaft": {
			"trigger": "minecraft:location",
			"conditions": {
				"player": {
					"location": {
						"structure": "hopo:stone_mineshaft"
					}
				}
			}
		},
		"locate_acacia_mineshaft": {
			"trigger": "minecraft:location",
			"conditions": {
				"player": {
					"location": {
						"structure": "hopo:acacia_mineshaft"
					}
				}
			}
		},
		"locate_bamboo_mineshaft": {
			"trigger": "minecraft:location",
			"conditions": {
				"player": {
					"location": {
						"structure": "hopo:bamboo_mineshaft"
					}
				}
			}
		},
		"locate_birch_mineshaft": {
			"trigger": "minecraft:location",
			"conditions": {
				"player": {
					"location": {
						"structure": "hopo:birch_mineshaft"
					}
				}
			}
		},
		"locate_cherry_mineshaft": {
			"trigger": "minecraft:location",
			"conditions": {
				"player": {
					"location": {
						"structure": "hopo:cherry_mineshaft"
					}
				}
			}
		},
		"locate_dark_oak_mineshaft": {
			"trigger": "minecraft:location",
			"conditions": {
				"player": {
					"location": {
						"structure": "hopo:dark_oak_mineshaft"
					}
				}
			}
		},
		"locate_jungle_mineshaft": {
			"trigger": "minecraft:location",
			"conditions": {
				"player": {
					"location": {
						"structure": "hopo:jungle_mineshaft"
					}
				}
			}
		},
		"locate_mangrove_mineshaft": {
			"trigger": "minecraft:location",
			"conditions": {
				"player": {
					"location": {
						"structure": "hopo:mangrove_mineshaft"
					}
				}
			}
		},
		"locate_mud_mineshaft": {
			"trigger": "minecraft:location",
			"conditions": {
				"player": {
					"location": {
						"structure": "hopo:mud_mineshaft"
					}
				}
			}
		},
		"locate_oak_mineshaft": {
			"trigger": "minecraft:location",
			"conditions": {
				"player": {
					"location": {
						"structure": "hopo:oak_mineshaft"
					}
				}
			}
		},
		"locate_spruce_mineshaft": {
			"trigger": "minecraft:location",
			"conditions": {
				"player": {
					"location": {
						"structure": "hopo:spruce_mineshaft"
					}
				}
			}
		}
	},
	"requirements": [
		[
			"locate_deepslate_mineshaft"
		],
		[
			"locate_stone_mineshaft"
		],
		[
			"locate_acacia_mineshaft"
		],
		[
			"locate_bamboo_mineshaft"
		],
		[
			"locate_birch_mineshaft"
		],
		[
			"locate_cherry_mineshaft"
		],
		[
			"locate_dark_oak_mineshaft"
		],
		[
			"locate_jungle_mineshaft"
		],
		[
			"locate_mangrove_mineshaft"
		],
		[
			"locate_mud_mineshaft"
		],
		[
			"locate_oak_mineshaft"
		],
		[
			"locate_spruce_mineshaft"
		]
	],
	"rewards": {
		"experience": 500
	}
}
