{
	"type": "minecraft:random_patch",
	"config": {
		"tries": 15,
		"xz_spread": 5,
		"y_spread": 5,
		"feature": {
			"feature": {
				"type": "minecraft:simple_block",
				"config": {
					"to_place": {
						"type": "minecraft:weighted_state_provider",
						"entries": [
							{
								"weight": 40,
								"data": {
									"Name": "minecraft:sea_lantern"
								}
							}
						]
					}
				}
			},
			"placement": [
				{
					"type": "minecraft:block_predicate_filter",
					"predicate": {
						"type": "minecraft:all_of",
						"predicates": [
							{
								"type": "minecraft:matching_blocks",
								"offset": [
									0,
									-1,
									0
								],
								"blocks": [
									"minecraft:netherrack",
									"minecraft:smooth_basalt",
									"minecraft:end_stone"
								]
							},
							{
								"type": "minecraft:not",
								"predicate": {
									"type": "minecraft:matching_blocks",
									"blocks": [
										"minecraft:lava"
									]
								}
							},
							{
								"type": "minecraft:not",
								"predicate": {
									"type": "minecraft:matching_blocks",
									"offset": [
										0,
										1,
										0
									],
									"blocks": [
										"minecraft:lava"
									]
								}
							},
							{
								"type": "minecraft:matching_blocks",
								"blocks": [
									"minecraft:netherrack",
									"minecraft:smooth_basalt",
									"minecraft:end_stone"
								]
							}
						]
					}
				}
			]
		}
	}
}
