{
  "type": "minecraft:vegetation_patch",
  "config": {
    "surface": "ceiling",
    "depth": {
      "type": "minecraft:uniform",
      "value": {
        "min_inclusive": 1,
        "max_inclusive": 2
      }
    },
    "vertical_range": 6,
    "extra_bottom_block_chance": 0.1,
    "extra_edge_column_chance": 0.5,
    "vegetation_chance": 0.5,
    "xz_radius": {
      "type": "minecraft:uniform",
      "value": {
        "min_inclusive": 0,
        "max_inclusive": 3
      }
    },
    "replaceable": "#minecraft:netherrack",
    "ground_state": {
      "type": "minecraft:simple_state_provider",
      "state": {
        "Name": "minecraft:netherrack"
      }
    },
    "vegetation_feature": {
      "feature": {
        "type": "minecraft:random_selector",
        "config": {
          "features": [
            {
              "chance": 0.7,
              "feature": {
                "feature": {
                  "type": "minecraft:block_column",
                  "config": {
                    "direction": "down",
                    "allowed_placement": {
                      "type": "minecraft:matching_blocks",
                      "blocks": [
                        "minecraft:air"
                      ]
                    },
                    "prioritize_tip": true,
                    "layers": [
                      {
                        "height": {
                          "type": "minecraft:weighted_list",
                          "distribution": [
                            {
                              "weight": 2048,
                              "data": 0
                            },
                            {
                              "weight": 512,
                              "data": 1
                            },
                            {
                              "weight": 128,
                              "data": 2
                            },
                            {
                              "weight": 32,
                              "data": 3
                            },
                            {
                              "weight": 8,
                              "data": 4
                            }
                          ]
                        },
                        "provider": {
                          "type": "minecraft:simple_state_provider",
                          "state": {
                            "Name": "minecraft:netherrack"
                          }
                        }
                      },
                      {
                        "height": 1,
                        "provider": {
                          "type": "minecraft:simple_state_provider",
                          "state": {
                            "Name": "minecraft:netherrack"
                          }
                        }
                      }
                    ]
                  }
                },
                "placement": []
              }
            }
          ],
          "default": {
            "feature": {
              "type": "minecraft:block_column",
              "config": {
                "direction": "down",
                "allowed_placement": {
                  "type": "minecraft:matching_blocks",
                  "blocks": [
                    "minecraft:air"
                  ]
                },
                "prioritize_tip": true,
                "layers": [
                  {
                    "height": {
                      "type": "minecraft:weighted_list",
                      "distribution": [
                        {
                          "weight": 160,
                          "data": 0
                        },
                        {
                          "weight": 120,
                          "data": 1
                        },
                        {
                          "weight": 110,
                          "data": 2
                        },
                        {
                          "weight": 70,
                          "data": 3
                        },
                        {
                          "weight": 50,
                          "data": {
                            "type": "minecraft:biased_to_bottom",
                            "value": {
                              "min_inclusive": 4,
                              "max_inclusive": 18
                            }
                          }
                        },
                        {
                          "weight": 20,
                          "data": {
                            "type": "minecraft:biased_to_bottom",
                            "value": {
                              "min_inclusive": 9,
                              "max_inclusive": 23
                            }
                          }
                        },
                        {
                          "weight": 10,
                          "data": {
                            "type": "minecraft:biased_to_bottom",
                            "value": {
                              "min_inclusive": 13,
                              "max_inclusive": 49
                            }
                          }
                        }
                      ]
                    },
                    "provider": {
                      "type": "minecraft:simple_state_provider",
                      "state": {
                        "Name": "minecraft:weeping_vines_plant"
                      }
                    }
                  },
                  {
                    "height": 1,
                    "provider": {
                      "type": "minecraft:randomized_int_state_provider",
                      "property": "age",
                      "values": {
                        "type": "minecraft:biased_to_bottom",
                        "value": {
                          "min_inclusive": 17,
                          "max_inclusive": 23
                        }
                      },
                      "source": {
                        "type": "minecraft:simple_state_provider",
                        "state": {
                          "Name": "minecraft:weeping_vines",
                          "Properties": {
                            "age": "0"
                          }
                        }
                      }
                    }
                  }
                ]
              }
            },
            "placement": []
          }
        }
      },
      "placement": []
    }
  }
}
