{
  "name": "norzeteus:sewer/sewer_labyrinth/streets",
  "fallback": "minecraft:empty",
  "elements": [
    {
      "weight": 4,
      "element": {
        "location": "norzeteus:sewer/sewer_labyrinth/streets/road_1",
        "processors": "minecraft:empty",
        "projection": "rigid",
        "element_type": "minecraft:single_pool_element"
      }
    },
    {
      "weight": 4,
      "element": {
        "location": "norzeteus:sewer/sewer_labyrinth/streets/road_2",
        "processors": "minecraft:empty",
        "projection": "rigid",
        "element_type": "minecraft:single_pool_element"
      }
    },
	{
      "weight": 6,
      "element": {
        "location": "norzeteus:sewer/sewer_labyrinth/streets/road_3",
        "processors": "minecraft:empty",
        "projection": "rigid",
        "element_type": "minecraft:single_pool_element"
      }
    },
	{
      "weight": 5,
      "element": {
        "location": "norzeteus:sewer/sewer_labyrinth/streets/road_4",
        "processors": "minecraft:empty",
        "projection": "rigid",
        "element_type": "minecraft:single_pool_element"
      }
    },
	{
      "weight": 6,
      "element": {
        "location": "norzeteus:sewer/sewer_labyrinth/streets/road_5",
        "processors": "minecraft:empty",
        "projection": "rigid",
        "element_type": "minecraft:single_pool_element"
      }
    },
	{
      "weight": 5,
      "element": {
        "location": "norzeteus:sewer/sewer_labyrinth/streets/road_6",
        "processors": "minecraft:empty",
        "projection": "rigid",
        "element_type": "minecraft:single_pool_element"
      }
    },
	{
      "weight": 2,
      "element": {
        "location": "norzeteus:sewer/sewer_labyrinth/streets/road_7",
        "processors": "minecraft:empty",
        "projection": "rigid",
        "element_type": "minecraft:single_pool_element"
      }
    },
	{
      "weight": 5,
      "element": {
        "location": "norzeteus:sewer/sewer_labyrinth/streets/road_8",
        "processors": "minecraft:empty",
        "projection": "rigid",
        "element_type": "minecraft:single_pool_element"
      }
    },
    {
      "weight": 4,
      "element": {
        "location": "norzeteus:sewer/sewer_labyrinth/streets/cross_road_1",
        "processors": "minecraft:empty",
        "projection": "rigid",
        "element_type": "minecraft:single_pool_element"
      }
    },
    {
      "weight": 3,
      "element": {
        "location": "norzeteus:sewer/sewer_labyrinth/streets/cross_road_2",
        "processors": "minecraft:empty",
        "projection": "rigid",
        "element_type": "minecraft:single_pool_element"
      }
    },
	 {
      "weight": 3,
      "element": {
        "location": "norzeteus:sewer/sewer_labyrinth/streets/cross_road_up",
        "processors": "minecraft:empty",
        "projection": "rigid",
        "element_type": "minecraft:single_pool_element"
      }
    },
	 {
      "weight": 3,
      "element": {
        "location": "norzeteus:sewer/sewer_labyrinth/streets/cross_road_up_1",
        "processors": "minecraft:empty",
        "projection": "rigid",
        "element_type": "minecraft:single_pool_element"
      }
    },
	 {
      "weight": 6,
      "element": {
        "location": "norzeteus:sewer/sewer_labyrinth/streets/cross_road_down",
        "processors": "minecraft:empty",
        "projection": "rigid",
        "element_type": "minecraft:single_pool_element"
      }
    },
	 {
      "weight": 3,
      "element": {
        "location": "norzeteus:sewer/sewer_labyrinth/streets/cross_road_end",
        "processors": "minecraft:empty",
        "projection": "rigid",
        "element_type": "minecraft:single_pool_element"
      }
    },
	 {
      "weight": 2,
      "element": {
        "location": "norzeteus:sewer/sewer_labyrinth/streets/cross_road_left",
        "processors": "minecraft:empty",
        "projection": "rigid",
        "element_type": "minecraft:single_pool_element"
      }
    },
	 {
      "weight": 2,
      "element": {
        "location": "norzeteus:sewer/sewer_labyrinth/streets/cross_road_right",
        "processors": "minecraft:empty",
        "projection": "rigid",
        "element_type": "minecraft:single_pool_element"
      }
    },
    
    {
      "weight": 7,
      "element": {
        "element_type": "minecraft:empty_pool_element"
      }
    }
  ]
}
