{
    "pools": [
        {
            "rolls": {
                "min": 0,
                "max": 1
            },
            "entries": [
                {
                    "type": "minecraft:item",
                    "weight": 2,
                    "name": "minecraft:golden_pickaxe",
                    "functions": [
                        {
                            "function": "minecraft:set_damage",
                            "damage": {
                                "min": 0.3,
                                "max": 0.6
                            },
                            "add": false
                        }
                    ]
                },
                {
                    "type": "minecraft:item",
                    "weight": 1,
                    "name": "minecraft:bone",
                    "functions": [
                        {
                            "function": "minecraft:set_count",
                            "count": {
                                "min": 0,
                                "max": 1
                            },
                            "add": false
                        }
                    ]
                }
            ]
        }
    ]
}