{
	"type": "minecraft:vegetation_patch",
	"config": {
		"surface": "floor",
		"depth": 3,
		"vertical_range": 200,
		"extra_bottom_block_chance": 0,
		"extra_edge_column_chance": 0.5,
		"vegetation_chance": 1,
		"xz_radius": {
			"type": "minecraft:uniform",
			"value": {
				"min_inclusive": 9,
				"max_inclusive": 30
			}
		},
		"replaceable": "#minecraft:netherrack",
		"ground_state": {
			"type": "minecraft:simple_state_provider",
			"state": {
				"Name": "minecraft:netherrack"
			}
		},
		"vegetation_feature": {
			"feature": {
				"type": "minecraft:block_column",
				"config": {
					"direction": "down",
					"allowed_placement": {
						"type": "minecraft:matching_blocks",
						"offset": [
							0,
							1,
							0
						],
						"blocks": [
							"minecraft:air"
						]
					},
					"prioritize_tip": true,
					"layers": [
						{
							"height": 4,
							"provider": {
								"type": "minecraft:simple_state_provider",
								"state": {
									"Name": "minecraft:waxed_oxidized_cut_copper"
								}
							}
						}
					]
				}
			},
			"placement": []
		}
	}
}
