{
  "type": "minecraft:tree",
  "config": {
    "ignore_vines": false,
    "force_dirt": false,
    "minimum_size": {
      "type": "minecraft:two_layers_feature_size",
      "limit": 0,
      "lower_size": 0,
      "upper_size": 0
	  
    },
    "dirt_provider": {
      "type": "minecraft:simple_state_provider",
      "state": {
        "Name": "minecraft:netherrack"
      }
    },
    "trunk_provider": {
      "type": "minecraft:simple_state_provider",
      "state": {
        "Name": "minecraft:mangrove_log",
        "Properties": {
          "axis": "y"
        }
      }
    },
    "foliage_provider": {
      "type": "minecraft:weighted_state_provider",
      "entries": [
        {
          "weight": 0,
          "data": {
            "Name": "minecraft:air"
          }
        },
        {
          "weight": 10,
          "data": {
            "Name": "minecraft:smooth_quartz_slab",
            "Properties": {
              "distance": "7",
              "persistent": "false"
            }
          }
        },
		{
          "weight": 5,
          "data": {
            "Name": "minecraft:quartz_slab",
            "Properties": {
              "distance": "4",
              "persistent": "false"
            }
          }
        },
		 {
          "weight": 1,
          "data": {
            "Name": "minecraft:light_blue_glazed_terracotta"
          }
        },
		{
          "weight": 1,
          "data": {
            "Name": "minecraft:shroomlight"
          }
        }
      ]
   },
    "trunk_placer": {
      "type": "minecraft:fancy_trunk_placer",
      "base_height": 20,
      "height_rand_a": 4,
      "height_rand_b": 0
    },
    "foliage_placer": {
      "type": "minecraft:jungle_foliage_placer",
      "radius": 2,
      "offset": 1,
      "height": 1
    },
    "decorators": [	
     {
        "type": "minecraft:leave_vine",
        "probability": 0.25
      }   
 	]   
  }
}
