{
  "name": "norzeteus:nz_village/nether_village/town_centers",
  "fallback": "minecraft:empty",
  "elements": [
    {
      "weight": 20,
      "element": {
        "location": "norzeteus:nz_village/nether_village/town_centers/towncenter_1",
        "processors": "minecraft:empty",
        "projection": "rigid",
        "element_type": "minecraft:single_pool_element"
      }
    },
	{
      "weight": 20,
      "element": {
        "location": "norzeteus:nz_village/nether_village/town_centers/towncenter_2",
        "processors": "minecraft:empty",
        "projection": "rigid",
        "element_type": "minecraft:single_pool_element"
      }
    }
  ]
}
