{
  "biomes": [
    "nether_wastes", "copper_valley", "crimson_forest", "soul_soil_valley", "terra_area", "warped_forest", "stony_desert"
  ],
  "spawn_overrides": {},
  "type": "minecraft:jigsaw",
  "start_pool": "norzeteus:stony_desert_quarters/start_pool",
  "size": 5,
  "step": "underground_decoration",
  "terrain_adaptation": "beard_thin",
  "start_height": {
    "type": "minecraft:uniform",
    "min_inclusive": {
      "absolute": 33
    },
    "max_inclusive": {
      "below_top": 120
    }
  },
  "max_distance_from_center": 90,
  "use_expansion_hack": false
}
