{
    "pools": [
        {
            "rolls": {
                "min": 4,
                "max": 6
            },
            "entries": [
                {
                    "type": "minecraft:item",
                    "weight": 9,
                    "name": "minecraft:bundle"
                },
                {
                    "type": "minecraft:item",
                    "weight": 12,
                    "name": "minecraft:candle",
                    "functions": [
                        {
                            "function": "minecraft:set_count",
                            "count": {
                                "min": 1,
                                "max": 5
                            },
                            "add": false
                        }
                    ]
                },
                {
                    "type": "minecraft:item",
                    "weight": 11,
                    "name": "minecraft:map"
                },
                {
                    "type": "minecraft:item",
                    "weight": 9,
                    "name": "minecraft:compass"
                },
                {
                    "type": "minecraft:item",
                    "weight": 11,
                    "name": "minecraft:name_tag"
                },
                {
                    "type": "minecraft:item",
                    "weight": 9,
                    "name": "minecraft:clock"
                },
                {
                    "type": "minecraft:item",
                    "weight": 10,
                    "name": "minecraft:lead",
                    "functions": [
                        {
                            "function": "minecraft:set_count",
                            "count": {
                                "min": 0,
                                "max": 2
                            },
                            "add": false
                        }
                    ]
                }
            ]
        }
    ]
}