{
  "effects": {
    "mood_sound": {
      "sound": "minecraft:ambient.nether_wastes.mood",
      "tick_delay": 6000,
      "block_search_extent": 8,
      "offset": 2
    },
    "additions_sound": {
      "sound": "minecraft:ambient.basalt_deltas.additions",
      "tick_chance": 0.02
    },
    "music": {
      "sound": "minecraft:music.nether.basalt_deltas",
      "min_delay": 12000,
      "max_delay": 24000,
      "replace_current_music": false
    },
    "particle": {
      "options": {
        "type": "minecraft:dust",
        "color": [
          0.9,
          0.3,
          0.1
        ],
        "scale": 2
      },
      "probability": 0.01
    },
    "ambient_sound": "minecraft:ambient.warped_forest.loop",
    "sky_color": 7254527,
    "fog_color": 7303732,
    "water_color": 4159204,
    "water_fog_color": 329011
  },
  "carvers": {
    "air": [
      "minecraft:nether_cave"
    ]
  },
  "features": [
    [
      
    ],
    [],
    [],
    [],
    [],
    [],
    [
      
    ],
    [ 
 	  "minecraft:spring_open",
      "minecraft:patch_fire",
      "minecraft:patch_soul_fire",
      "minecraft:glowstone_extra",
      "minecraft:glowstone",
      "minecraft:brown_mushroom_nether",
      "minecraft:red_mushroom_nether",
	  "minecraft:ore_magma",
      "minecraft:spring_closed",
	  "norzeteus:sandy_wasteland/sandy_wasteland_vegetation",
	  "norzeteus:sandy_wasteland/overlay",
	  "norzeteus:sandy_wasteland/overlay_0",
	  "norzeteus:sandy_wasteland/overlay_1",
	  "norzeteus:sandy_wasteland/overlay_2",
	  "norzeteus:sandy_wasteland/overlay_3",
	  "minecraft:ore_coal_upper",
      "minecraft:ore_coal_lower",
      "minecraft:ore_iron_upper",
      "minecraft:ore_iron_middle",
      "minecraft:ore_iron_small",
	  "minecraft:ore_diamond",
      "minecraft:ore_diamond_large",
      "minecraft:ore_diamond_buried",
      "minecraft:ore_lapis",
      "minecraft:ore_lapis_buried",
      "minecraft:ore_gravel_nether",
      "minecraft:ore_blackstone",
      "minecraft:ore_gold_nether",
      "minecraft:ore_quartz_nether",
      "minecraft:ore_ancient_debris_large",
      "minecraft:ore_debris_small"
    ],
    [],
    [
      "minecraft:spring_lava",
      "minecraft:brown_mushroom_normal",
      "minecraft:red_mushroom_normal",
	  "minecraft:twisting_vines"
	  
    ]
  ],
  "spawners": {
    "monster": [
      {
        "type": "minecraft:zoglin",
        "weight": 10,
        "minCount": 1,
        "maxCount": 1
      },
	  {
        "type": "minecraft:magma_cube",
        "weight": 90,
        "minCount": 1,
        "maxCount": 3
      }
    ],
    "creature": [
      {
        "type": "minecraft:strider",
        "weight": 60,
        "minCount": 1,
        "maxCount": 2
      }
    ],
    "ambient": [],
    "water_creature": [],
    "water_ambient": [],
    "misc": []
  },
  "spawn_costs": {
    "minecraft:zoglin": {
      "energy_budget": 0.15,
      "charge": 0.7
    }
  },
  "has_precipitation": false,
  "temperature": 2,
  "downfall": 0
}
