{
  "effects": {
    "mood_sound": {
      "sound": "minecraft:ambient.basalt_deltas.mood",
      "tick_delay": 6000,
      "block_search_extent": 8,
      "offset": 2
    },
    "additions_sound": {
      "sound": "minecraft:ambient.basalt_deltas.additions",
      "tick_chance": 0.0111
    },
    "music": {
      "sound": "minecraft:music.nether.basalt_deltas",
      "min_delay": 12000,
      "max_delay": 24000,
      "replace_current_music": false
    },
    "particle": {
      "options": {
        "type": "minecraft:smoke"
      },
      "probability": 0.01
    },
    "ambient_sound": "minecraft:ambient.basalt_deltas.loop",
    "sky_color": 12763856,
    "fog_color": 2169642,
	"water_color": 4143428,
	"water_fog_color": 4341314,
    "sky_color": 7254527
    
  },
  "carvers": {
    "air": [
      "minecraft:nether_cave"
    ]
  },
  "features": [
    [],
    [],
    [],
    [],
    [
     
    ],
    [],
    [],
    [ "norzeteus:stony_desert/patch_chorus_plant",
	  "minecraft:blackstone_blobs",
      "minecraft:spring_delta",
      "minecraft:patch_fire",
      "minecraft:patch_soul_fire",
      "minecraft:ore_magma",
      "minecraft:spring_closed_double",
	  "norzeteus:stony_desert/decoration",
	  "norzeteus:stony_desert/stony_tree",
	  "norzeteus:stony_desert/ore_smooth_basalt",
	  "norzeteus:stony_desert/ore_end_stone",
      "minecraft:ore_gold_nether",
      "minecraft:ore_quartz_nether",
      "minecraft:ore_ancient_debris_large",
      "minecraft:ore_debris_small",
	  "norzeteus:stony_desert/ore_redstone"
    ]
  ],
  "spawners": {
    "water_ambient": [],
    "ambient": [],
    "misc": [],
    "water_creature": [],
    "creature": [],
    "monster": [
      {
        "type": "minecraft:wither_skeleton",
        "weight": 30,
        "minCount": 1,
        "maxCount": 4
      },
      {
        "type": "minecraft:magma_cube",
        "weight": 20,
        "minCount": 1,
        "maxCount": 3
      },
	  {
        "type": "minecraft:phantom",
        "weight": 6,
        "minCount": 1,
        "maxCount": 2
      }
    ]
  },
  "spawn_costs": {
    "minecraft:wither_skeleton": {
      "energy_budget": 0.1,
      "charge": 0.4
    },
    "minecraft:magma_cube": {
      "energy_budget": 0.15,
      "charge": 0.5
    },
	"minecraft:phantom": {
      "energy_budget": 0.15,
      "charge": 0.7
    }
  },
  "has_precipitation": false,
  "temperature": 2,
  "downfall": 0
}
