{
  "feature": {
    "type": "minecraft:block_pile",
    "config": {
      "state_provider": {
        "type": "minecraft:noise_provider",
        "seed": 0,
        "noise": {
          "firstOctave": -5,
          "amplitudes": [
            1,
            0.5,
            1.75
          ]
        },
        "scale": 1,
        "states": [
          {
            "Name": "minecraft:slime_block"
          },
          {
            "Name": "minecraft:slime_block"
          },
          {
            "Name": "minecraft:slime_block"
          }
        ]
      }
    }
  },
  "placement": [
    {
      "type": "minecraft:count_on_every_layer",
      "count": 35
    },
    {
      "type": "minecraft:noise_based_count",
      "noise_to_count_ratio": 5,
      "noise_factor": 100,
      "noise_offset": 0.15
    },
    {
      "type": "minecraft:noise_based_count",
      "noise_to_count_ratio": 6,
      "noise_factor": 25,
      "noise_offset": 0.15
    },
    {
      "type": "minecraft:rarity_filter",
      "chance": 320
    },
    {
      "type": "minecraft:biome"
    }
  ]
}
