{
  "feature": {
    "type": "minecraft:vegetation_patch",
    "config": {
      "surface": "floor",
      "depth": 3,
      "vertical_range": 30,
      "extra_bottom_block_chance": 0,
      "extra_edge_column_chance": 0.5,
      "vegetation_chance": 1,
      "xz_radius": {
        "type": "minecraft:uniform",
        "value": {
          "min_inclusive": 6,
          "max_inclusive": 18
        }
      },
      "replaceable": "#minecraft:netherrack",
      "ground_state": {
        "type": "minecraft:noise_provider",
        "seed": 55,
        "noise": {
          "firstOctave": -6,
          "amplitudes": [
            1.25,
            1.36,
            0,
            0.5,
            1.5,
            1.80
          ]
        },
        "scale": 1,
        "states": [
          {
            "Name": "minecraft:red_terracotta"
          },
          {
            "Name": "minecraft:red_terracotta"
          },
          {
            "Name": "minecraft:red_terracotta"
          },
          {
            "Name": "minecraft:red_terracotta"
          },
          {
            "Name": "minecraft:blue_wool"
          },
          {
            "Name": "minecraft:red_terracotta"
          },
          {
            "Name": "minecraft:red_terracotta"
          },
          {
            "Name": "minecraft:red_terracotta"
          },
          {
            "Name": "minecraft:netherrack"
          },
          {
            "Name": "minecraft:blue_wool"
          },
          {
            "Name": "minecraft:red_terracotta"
          },
          {
            "Name": "minecraft:red_terracotta"
          },
          {
            "Name": "minecraft:red_terracotta"
          },
          {
            "Name": "minecraft:red_terracotta"
          },
          {
            "Name": "minecraft:red_terracotta"
          },
          {
            "Name": "minecraft:red_terracotta"
          },
          {
            "Name": "minecraft:red_terracotta"
          },
          {
            "Name": "minecraft:red_terracotta"
          }
        ]
      },
      "vegetation_feature": {
        "feature": {
          "type": "minecraft:block_column",
          "config": {
            "direction": "up",
            "allowed_placement": {
              "type": "minecraft:all_of",
              "predicates": [
                {
                  "type": "minecraft:not",
                  "predicate": {
                    "type": "minecraft:all_of",
                    "predicates": [
                      {
                        "type": "minecraft:matching_blocks",
                        "offset": [
                          0,
                          -2,
                          -1
                        ],
                        "blocks": [
                          "minecraft:air"
                        ]
                      },
                      {
                        "type": "minecraft:matching_blocks",
                        "offset": [
                          0,
                          -2,
                          1
                        ],
                        "blocks": [
                          "minecraft:air"
                        ]
                      },
                      {
                        "type": "minecraft:matching_blocks",
                        "offset": [
                          1,
                          -2,
                          0
                        ],
                        "blocks": [
                          "minecraft:air"
                        ]
                      },
                      {
                        "type": "minecraft:matching_blocks",
                        "offset": [
                          -1,
                          -2,
                          0
                        ],
                        "blocks": [
                          "minecraft:air"
                        ]
                      }
                    ]
                  }
                }
              ]
            },
            "prioritize_tip": false,
            "layers": [
              {
                "height": {
                  "type": "minecraft:biased_to_bottom",
                  "value": {
                    "min_inclusive": 1,
                    "max_inclusive": 3
                  }
                },
                "provider": {
                  "type": "minecraft:noise_provider",
                  "seed": 55,
                  "noise": {
                    "firstOctave": -6,
                    "amplitudes": [
                      1.25,
                      1.36,
                      0,
                      0.5,
                      1.5,
                      1.80
                    ]
                  },
                  "scale": 1,
                  "states": [
                    {
                      "Name": "minecraft:red_terracotta"
                    },
                    {
                      "Name": "minecraft:red_terracotta"
                    },
                    {
                      "Name": "minecraft:blue_wool"
                    },
                    {
                      "Name": "minecraft:red_terracotta"
                    },
                    {
                      "Name": "minecraft:red_terracotta"
                    },
                    {
                      "Name": "minecraft:red_terracotta"
                    },
                    {
                      "Name": "minecraft:red_terracotta"
                    },
                    {
                      "Name": "minecraft:red_terracotta"
                    },
                    {
                      "Name": "minecraft:netherrack"
                    },
                    {
                      "Name": "minecraft:blue_wool"
                    },
                    {
                      "Name": "minecraft:red_terracotta"
                    },
                    {
                      "Name": "minecraft:red_terracotta"
                    },
                    {
                      "Name": "minecraft:red_terracotta"
                    },
                    {
                      "Name": "minecraft:red_terracotta"
                    },
                    {
                      "Name": "minecraft:red_terracotta"
                    },
                    {
                      "Name": "minecraft:red_terracotta"
                    },
                    {
                      "Name": "minecraft:red_terracotta"
                    },
                    {
                      "Name": "minecraft:red_terracotta"
                    }
                  ]
                }
              }
            ]
          }
        },
        "placement": []
      }
    }
  },
  "placement": [
    {
      "type": "minecraft:count_on_every_layer",
      "count": 120
    },
    {
      "type": "minecraft:noise_based_count",
      "noise_to_count_ratio": 8,
      "noise_factor": 100,
      "noise_offset": -0.15
    },
    {
      "type": "minecraft:rarity_filter",
      "chance": 20
    },
    {
      "type": "minecraft:biome"
    }
  ]
}
