{
    "replace": false,
    "values": [
        "minecraft:savanna",
        {"id": "terralith:amethyst_canyon", "required": false},
        {"id": "terralith:amethyst_rainforest", "required": false},
        {"id": "terralith:arid_highlands", "required": false},
        {"id": "terralith:fractured_savanna", "required": false},
        {"id": "terralith:hot_shrubland", "required": false},
        {"id": "terralith:moonlight_grove", "required": false},
        {"id": "terralith:moonlight_valley", "required": false},
        {"id": "terralith:savanna_badlands", "required": false},
        {"id": "terralith:savanna_slopes", "required": false},
        {"id": "wythers:underground", "required": false}
    ]
}